threads,time,speedup,efficiency
1,2.92622,1.0,1.0
2,2.0214,1.44762,0.723812
3,1.34034,2.1832,0.727733
4,1.13181,2.58544,0.646359
5,0.967946,3.02313,0.604625
6,0.863079,3.39045,0.565075
7,0.965118,3.03199,0.433141
8,0.911232,3.21128,0.40141
9,0.813181,3.59849,0.399832
10,0.704552,4.15331,0.415331
11,0.618407,4.73188,0.430171
12,0.596089,4.90904,0.409087
